-- MySQL dump 10.13  Distrib 8.0.21, for macos10.15 (x86_64)
--
-- Host: localhost    Database: Homework_pt2
-- ------------------------------------------------------
-- Server version	8.0.23

/*!40101 SET @OLD_CHARACTER_SET_CLIENT=@@CHARACTER_SET_CLIENT */;
/*!40101 SET @OLD_CHARACTER_SET_RESULTS=@@CHARACTER_SET_RESULTS */;
/*!40101 SET @OLD_COLLATION_CONNECTION=@@COLLATION_CONNECTION */;
/*!50503 SET NAMES utf8 */;
/*!40103 SET @OLD_TIME_ZONE=@@TIME_ZONE */;
/*!40103 SET TIME_ZONE='+00:00' */;
/*!40014 SET @OLD_UNIQUE_CHECKS=@@UNIQUE_CHECKS, UNIQUE_CHECKS=0 */;
/*!40014 SET @OLD_FOREIGN_KEY_CHECKS=@@FOREIGN_KEY_CHECKS, FOREIGN_KEY_CHECKS=0 */;
/*!40101 SET @OLD_SQL_MODE=@@SQL_MODE, SQL_MODE='NO_AUTO_VALUE_ON_ZERO' */;
/*!40111 SET @OLD_SQL_NOTES=@@SQL_NOTES, SQL_NOTES=0 */;

--
-- Table structure for table `company_info`
--

DROP TABLE IF EXISTS `company_info`;
/*!40101 SET @saved_cs_client     = @@character_set_client */;
/*!50503 SET character_set_client = utf8mb4 */;
CREATE TABLE `company_info` (
  `id` int NOT NULL AUTO_INCREMENT,
  `name` varchar(45) DEFAULT NULL,
  `website` varchar(45) DEFAULT NULL,
  `fax` varchar(45) DEFAULT NULL,
  `country` varchar(45) DEFAULT NULL,
  `principal_office` longtext,
  `phone` varchar(45) DEFAULT NULL,
  `incorporated` varchar(45) DEFAULT NULL,
  `business_summary` longtext,
  `primary_NAICS` longtext,
  `mergent_div_ach` varchar(45) DEFAULT NULL,
  `auditor` varchar(45) DEFAULT NULL,
  PRIMARY KEY (`id`)
) ENGINE=InnoDB AUTO_INCREMENT=6 DEFAULT CHARSET=utf8mb4 COLLATE=utf8mb4_0900_ai_ci;
/*!40101 SET character_set_client = @saved_cs_client */;

--
-- Dumping data for table `company_info`
--

LOCK TABLES `company_info` WRITE;
/*!40000 ALTER TABLE `company_info` DISABLE KEYS */;
INSERT INTO `company_info` VALUES (1,'Alphabet Inc','www.abc.xyz','NA','United States','1600 Amphitheatre Parkway Mountain View, CA 94043 USA','650 253-0000','September 1998 , CA, United States','Alphabet is a holding company. Through its subsidiaries, Co. is engaged in its primary business, Google, which comprises of Google Services and Google Cloud segments. Google Services\' main products and platforms include Android, Chrome, Gmail, Google Drive, Google Maps, Google Photos, Google Play, Search, and YouTube. Co. also provides advertisers with tools that help them attribute and measure their advertising campaigns. Google Cloud invests in infrastructure, security, data management, analytics and artificial intelligence. Co.\'s Other Bets engages in the sales of internet and TV services through Access, as well as licensing and research and development services through Verily.','511210 : Software Publishers','NO','Ernst & Young LLP'),(2,'Apple Inc','www.apple.com','408 974-2483','United States','One Apple Park Way Cupertino, CA 95014 USA','408 996-1010','January 1977 , CA, United States','Apple designs, manufactures and markets smartphones, personal computers, tablets, wearables and accessories, and sells a variety of related services. Co.\'s products include: iPhone; Mac; iPad; and wearables, home and accessories, which includes AirPods®, Apple TV®, Apple Watch®, Beats® products, HomePod®, iPod touch® and other Apple-branded and third-party accessories. Co.\'s services include: advertising; AppleCare, which provides service and support products under the AppleCare® brand; cloud services; digital content, which includes Apple Arcade(sm), Apple Music®, Apple News+(sm), and Apple TV+(sm); and payment services, which includes Apple Card, and Apple Pay®, a cashless payment service. ','334220 : Radio and Television Broadcasting and Wireless Communications Equipment Manufacturing','NO','Ernst & Young LLP'),(3,'Best Buy Inc','www.investors.bestbuy.com','NA','United States','7601 Penn Avenue South Richfield, MN 55423 USA','612 291-1000','1966 , MN, United States','Best Buy is a technology retailer. Co. has two reportable segments: Domestic and International. The Domestic segment is comprised of the operations in all states, districts and territories of the United States under various brand names including Best Buy, Best Buy Business, Best Buy Express, Best Buy Health, CST, Geek Squad, GreatCall, Lively, Magnolia and Pacific Kitchen and Home and the domain names bestbuy.com and greatcall.com. The International segment is comprised of all operations in Canada and Mexico under the brand names Best Buy, Best Buy Express, Best Buy Mobile and Geek Squad and the domain names bestbuy.ca and bestbuy.com.mx. ','442299 : All Other Home Furnishings Stores ','NO','DELOITTE & TOUCHE LLP'),(4,'Cisco Systems Inc','www.cisco.com','NA','United States','170 West Tasman Drive San Jose, CA 95134 USA','408 526-4000','December 1984 , CA, United States','Cisco Systems designs and sells a range of technologies that power the Internet. Co.\'s products and technologies are grouped into the following categories: Infrastructure Platforms, which consists of its main networking technologies of switching, routing, wireless, and data center products; Applications, which consists of software-related offerings that utilize the main networking and data center platforms to provide their functions; Security, which includes its network security, cloud and email security, identity and access management, threat protection, and unified threat management products; and Other Products, which consists of its cloud and system management and technologies products. ','334290 : Other Communications Equipment Manufacturing','NO','PricewaterhouseCoopers LLP'),(5,'Comcast Corp','www.comcastcorporation.com','NA','United States','One Comcast Center Philadelphia, PA 19103-2838 USA','215 286-1700','December 2001 , PA, United States','Comcast is a media and technology company. Co.\'s segments are: Cable Communications, which provides internet, video, voice, and security and automation services in the United States individually and as bundled services at a discounted rate over its cable distribution system to residential and business customers; NBCUniversal, which includes a portfolio of national cable networks that provide a variety of entertainment, news and information, and sports content, regional sports and news networks, international cable networks, and cable television studio production operations; and Sky, which owns a portfolio of pay television channels that provide entertainment, news, sports and movies. ','515210 : Cable and Other Subscription Programming','NO','DELOITTE & TOUCHE LLP');
/*!40000 ALTER TABLE `company_info` ENABLE KEYS */;
UNLOCK TABLES;

--
-- Table structure for table `employees`
--

DROP TABLE IF EXISTS `employees`;
/*!40101 SET @saved_cs_client     = @@character_set_client */;
/*!50503 SET character_set_client = utf8mb4 */;
CREATE TABLE `employees` (
  `id` int NOT NULL AUTO_INCREMENT,
  `number_of_employees` int DEFAULT NULL,
  `date` date DEFAULT NULL,
  PRIMARY KEY (`id`),
  CONSTRAINT `employee_fk` FOREIGN KEY (`id`) REFERENCES `company_info` (`id`)
) ENGINE=InnoDB AUTO_INCREMENT=6 DEFAULT CHARSET=utf8mb4 COLLATE=utf8mb4_0900_ai_ci;
/*!40101 SET character_set_client = @saved_cs_client */;

--
-- Dumping data for table `employees`
--

LOCK TABLES `employees` WRITE;
/*!40000 ALTER TABLE `employees` DISABLE KEYS */;
INSERT INTO `employees` VALUES (1,135301,'2020-12-31'),(2,147000,'2020-09-26'),(3,125000,'2020-02-01'),(4,77500,'2020-07-25'),(5,190000,'2019-12-31');
/*!40000 ALTER TABLE `employees` ENABLE KEYS */;
UNLOCK TABLES;

--
-- Table structure for table `finance`
--

DROP TABLE IF EXISTS `finance`;
/*!40101 SET @saved_cs_client     = @@character_set_client */;
/*!50503 SET character_set_client = utf8mb4 */;
CREATE TABLE `finance` (
  `id` int NOT NULL AUTO_INCREMENT,
  `company_id` int NOT NULL,
  `the_year` int DEFAULT NULL,
  `measure_name` text,
  `measure_value` double DEFAULT NULL,
  PRIMARY KEY (`id`),
  KEY `company_fk_idx` (`company_id`),
  CONSTRAINT `company_fk` FOREIGN KEY (`company_id`) REFERENCES `company_info` (`id`)
) ENGINE=InnoDB AUTO_INCREMENT=488 DEFAULT CHARSET=utf8mb4 COLLATE=utf8mb4_0900_ai_ci;
/*!40101 SET character_set_client = @saved_cs_client */;

--
-- Dumping data for table `finance`
--

LOCK TABLES `finance` WRITE;
/*!40000 ALTER TABLE `finance` DISABLE KEYS */;
INSERT INTO `finance` VALUES (1,1,2011,'Cost_of_goods_sold',13.188),(2,1,2011,'Income_from_continuing_operations',11.742),(3,1,2011,'Income_from_continuing_operations_before_income_taxes',12.326),(4,1,2011,'Net_income',9.737),(5,1,2011,'Net_income__loss__per_common_stock__class_A___B__diluted',14.88),(6,1,2011,'Revenues',37.905),(7,1,2011,'Selling_general___administrative_expenses',7.313),(8,1,2011,'Weighted_average_class_A_shares_outstanding__diluted',0.654),(9,1,2011,'Weighted_average_shares_outstanding__class_A___B__basic',0.646),(10,1,2010,'Cost_of_goods_sold',10.417),(11,1,2010,'Income_from_continuing_operations',10.381),(12,1,2010,'Income_from_continuing_operations_before_income_taxes',10.796),(13,1,2010,'Net_income',8.505),(14,1,2010,'Net_income__loss__per_common_stock__class_A___B__diluted',13.155),(15,1,2010,'Revenues',29.321),(16,1,2010,'Selling_general___administrative_expenses',4.761),(17,1,2010,'Weighted_average_class_A_shares_outstanding__diluted',0.647),(18,1,2010,'Weighted_average_shares_outstanding__class_A___B__basic',0.637),(19,1,2009,'Cost_of_goods_sold',8.844),(20,1,2009,'Income_from_continuing_operations',8.312),(21,1,2009,'Income_from_continuing_operations_before_income_taxes',8.381),(22,1,2009,'Net_income',6.52),(23,1,2009,'Net_income__loss__per_common_stock__class_A___B__diluted',10.205),(24,1,2009,'Revenues',23.651),(25,1,2009,'Selling_general___administrative_expenses',3.651),(26,1,2009,'Weighted_average_class_A_shares_outstanding__diluted',0.639),(27,1,2009,'Weighted_average_shares_outstanding__class_A___B__basic',0.632),(28,1,2008,'Cost_of_goods_sold',8.622),(29,1,2008,'Income_from_continuing_operations',6.632),(30,1,2008,'Income_from_continuing_operations_before_income_taxes',5.854),(31,1,2008,'Net_income',4.227),(32,1,2008,'Net_income__loss__per_common_stock__class_A___B__diluted',6.655),(33,1,2008,'Provision_for_income_taxes',1.627),(34,1,2008,'Revenues',21.796),(35,1,2008,'Weighted_average_class_A_shares_outstanding__diluted',0.635),(36,1,2008,'Weighted_average_shares_outstanding__class_A___B__basic',0.628),(37,1,2007,'Cost_of_goods_sold',6.649),(38,1,2007,'Income_from_continuing_operations',5.084),(39,1,2007,'Income_from_continuing_operations_before_income_taxes',5.674),(40,1,2007,'Net_income',4.204),(41,1,2007,'Net_income__loss__per_common_stock__class_A___B__diluted',6.645),(42,1,2007,'Provision_for_income_taxes',1.47),(43,1,2007,'Revenues',16.594),(44,1,2007,'Weighted_average_shares_outstanding__class_A___B__basic',0.622),(45,1,2007,'Weighted_average_shares_outstanding__class_A___B__diluted',0.632),(46,1,2005,'Cost_of_goods_sold',2.572),(47,1,2005,'Income_from_continuing_operations',2.017),(48,1,2005,'Income_from_continuing_operations_before_income_taxes',2.142),(49,1,2005,'Net_income',1.465),(50,1,2005,'Net_income__loss__per_common_stock__class_A___B__diluted',2.51),(51,1,2005,'Provision_for_income_taxes',0.676),(52,1,2005,'Revenues',6.139),(53,1,2005,'Weighted_average_shares_outstanding__class_A___B__basic',0.552),(54,1,2005,'Weighted_average_shares_outstanding__class_A___B__diluted',0.584),(55,2,2012,'test',0),(56,2,2012,'Cost_of_goods_sold',87.846),(57,2,2012,'Income__loss__before_provision_for_income_taxes',55.763),(58,2,2012,'Net_earnings__loss__per_share__basic',1.594),(59,2,2012,'Net_income',41.733),(60,2,2012,'Operating_income__loss_',55.241),(61,2,2012,'Revenues',156.508),(62,2,2012,'Selling_general___administrative_expenses',10.04),(63,2,2012,'Weighted_average_shares_outstanding__basic',26.175),(64,2,2012,'Weighted_average_shares_outstanding__diluted',26.47),(65,2,2011,'Cost_of_goods_sold',64.431),(66,2,2011,'Income__loss__before_provision_for_income_taxes',34.205),(67,2,2011,'Net_earnings__loss__per_share__basic',1.002),(68,2,2011,'Net_earnings__loss__per_share__diluted',0.989),(69,2,2011,'Net_income',25.922),(70,2,2011,'Net_income__loss__per_common_stock__class_A___B__basic',15.085),(71,2,2011,'Operating_income__loss_',33.79),(72,2,2011,'Revenues',108.249),(73,2,2011,'Selling_general___administrative_expenses',7.599),(74,2,2011,'Weighted_average_shares_outstanding__basic',25.879),(75,2,2011,'Weighted_average_shares_outstanding__diluted',26.226),(76,2,2011,'Year_end_shares_outstanding',26.02),(77,2,2010,'Cost_of_goods_sold',39.541),(78,2,2010,'Income__loss__before_provision_for_income_taxes',18.54),(79,2,2010,'Net_earnings__loss__per_share__basic',0.55),(80,2,2010,'Net_earnings__loss__per_share__diluted',0.541),(81,2,2010,'Net_income',14.013),(82,2,2010,'Net_income__loss__per_common_stock__class_A___B__basic',13.345),(83,2,2010,'Operating_income__loss_',18.385),(84,2,2010,'Revenues',65.225),(85,2,2010,'Selling_general___administrative_expenses',5.517),(86,2,2010,'Weighted_average_shares_outstanding__basic',25.466),(87,2,2010,'Weighted_average_shares_outstanding__diluted',25.892),(88,2,2009,'Cost_of_goods_sold',23.397),(89,2,2009,'Income__loss__before_provision_for_income_taxes',7.984),(90,2,2009,'Net_earnings__loss__per_share__basic',0.228),(91,2,2009,'Net_earnings__loss__per_share__diluted',0.225),(92,2,2009,'Net_income',5.704),(93,2,2009,'Net_income__loss__per_common_stock__class_A___B__basic',10.31),(94,2,2009,'Operating_income__loss_',7.658),(95,2,2009,'Revenues',36.537),(96,2,2009,'Selling_general___administrative_expenses',4.149),(97,2,2009,'Weighted_average_shares_outstanding__basic',25.004),(98,2,2009,'Weighted_average_shares_outstanding__diluted',25.396),(99,2,2009,'Year_end_shares_outstanding',25.194),(100,2,2008,'Cost_of_goods_sold',21.334),(101,2,2008,'Income__loss__before_provision_for_income_taxes',6.895),(102,2,2008,'Net_earnings__loss__per_share__basic',0.196),(103,2,2008,'Net_earnings__loss__per_share__diluted',0.191),(104,2,2008,'Net_income',4.834),(105,2,2008,'Net_income__loss__per_common_stock__class_A___B__basic',6.73),(106,2,2008,'Net_sales',32.479),(107,2,2008,'Operating_income__loss_',6.275),(108,2,2008,'Provision_for_income_taxes',2.061),(109,2,2008,'Weighted_average_shares_outstanding__basic',24.685),(110,2,2008,'Weighted_average_shares_outstanding__diluted',25.26),(111,2,2008,'Year_end_shares_outstanding',24.873),(112,2,2007,'Cost_of_goods_sold',15.852),(113,2,2007,'Income__loss__before_provision_for_income_taxes',5.008),(114,2,2007,'Net_earnings__loss__per_share__basic',0.144),(115,2,2007,'Net_earnings__loss__per_share__diluted',0.14),(116,2,2007,'Net_income',3.496),(117,2,2007,'Net_income__loss__per_common_stock__class_A___B__basic',6.765),(118,2,2007,'Net_sales',24.006),(119,2,2007,'Operating_income__loss_',4.409),(120,2,2007,'Provision_for_income_taxes',1.512),(121,2,2007,'Weighted_average_shares_outstanding__basic',24.209),(122,2,2007,'Weighted_average_shares_outstanding__diluted',24.9),(123,2,2007,'Year_end_shares_outstanding',24.425),(124,2,2006,'Cost_of_goods_sold',13.717),(125,2,2006,'Income__loss__before_provision_for_income_taxes',2.819),(126,2,2006,'Net_earnings__loss__per_share__basic',0.084),(127,2,2006,'Net_earnings__loss__per_share__diluted',0.081),(128,2,2006,'Net_income',1.993),(129,2,2006,'Net_sales',19.315),(130,2,2006,'Operating_income__loss_',2.454),(131,2,2006,'Provision_for_income_taxes',0.826),(132,2,2006,'Weighted_average_shares_outstanding__basic',23.634),(133,2,2006,'Weighted_average_shares_outstanding__diluted',24.571),(134,2,2005,'Cost_of_goods_sold',9.888),(135,2,2005,'Income__loss__before_provision_for_income_taxes',1.815),(136,2,2005,'Net_earnings__loss__per_share__basic',0.059),(137,2,2005,'Net_earnings__loss__per_share__diluted',0.056),(138,2,2005,'Net_income',1.335),(139,2,2005,'Net_income__loss__per_common_stock__class_A___B__basic',2.655),(140,2,2005,'Net_sales',13.931),(141,2,2005,'Operating_income__loss_',1.65),(142,2,2005,'Provision_for_income_taxes',0.48),(143,2,2005,'Weighted_average_shares_outstanding__basic',22.636),(144,2,2005,'Weighted_average_shares_outstanding__diluted',23.99),(145,2,2005,'Year_end_shares_outstanding',23.381),(146,2,2004,'Earnings__loss__per_share__continuing_operations__basic',0.013),(147,2,2004,'Earnings__loss__per_share__continuing_operations__diluted',0.013),(148,2,2004,'Extraordinary_items',0.276),(149,2,2004,'Income__loss__from_continuing_operations',0.276),(150,2,2004,'Net_earnings__loss__per_share__basic',0.013),(151,2,2004,'Net_earnings__loss__per_share__diluted',0.013),(152,2,2004,'Net_income',0.276),(153,2,2004,'Net_sales',8.279),(154,2,2004,'Weighted_average_shares_outstanding__basic',20.809),(155,2,2004,'Weighted_average_shares_outstanding__diluted',21.689),(156,2,2004,'Year_end_shares_outstanding',21.921),(157,2,2003,'Cumulative_effect_of_change_in_accounting_principle_net',0.001),(158,2,2003,'Earnings__loss__per_share__continuing_operations__basic',0.003),(159,2,2003,'Earnings__loss__per_share__continuing_operations__diluted',0.003),(160,2,2003,'Income__loss__before_accounting_change',0.068),(161,2,2003,'Net_earnings__loss__per_share__basic',0.003),(162,2,2003,'Net_earnings__loss__per_share__diluted',0.003),(163,2,2003,'Net_income',0.069),(164,2,2003,'Net_sales',6.207),(165,2,2003,'Weighted_average_shares_outstanding__basic',20.195),(166,2,2003,'Weighted_average_shares_outstanding__diluted',20.354),(167,2,2001,'Cumulative_effect_of_change_in_accounting_principle_net',0.012),(168,2,2001,'Income__loss__before_accounting_change',-0.037),(169,2,2001,'Net_earnings__loss__per_share__basic',-0.001),(170,2,2001,'Net_earnings__loss__per_share__diluted',-0.001),(171,2,2001,'Net_income',-0.025),(172,2,2001,'Net_sales',5.363),(173,2,2001,'Weighted_average_shares_outstanding__basic',19.354),(174,2,2001,'Weighted_average_shares_outstanding__diluted',19.354),(175,2,2000,'Net_earnings__loss__per_share__basic',0.043),(176,2,2000,'Net_earnings__loss__per_share__diluted',0.039),(177,2,2000,'Net_income',0.786),(178,2,2000,'Net_sales',7.983),(179,2,2000,'Weighted_average_shares_outstanding__basic',18.176),(180,2,2000,'Weighted_average_shares_outstanding__diluted',20.178),(181,2,2012,'Net_earnings__loss__per_share__diluted',1.577),(182,3,2012,'Cost_of_goods_sold',38.113),(183,3,2012,'Discontinued_operations',-0.308),(184,3,2012,'Dividends_per_share',0.62),(185,3,2012,'Earning_per_share_total_discont_opers_diluted',-0.47),(186,3,2012,'Earnings__loss__from_continuing_operations_before_income_tax_expense',1.043),(187,3,2012,'Earnings__loss__per_share__continuing_operations__basic',-2.89),(188,3,2012,'Earnings__loss__per_share__continuing_operations__diluted',-2.89),(189,3,2012,'Earnings__loss__per_share__discontinued_operations__basic',-0.47),(190,3,2012,'net_earnings',-1.231),(191,3,2012,'Net_earnings__loss__per_share__basic',-3.36),(192,3,2012,'Net_earnings__loss__per_share__diluted',-3.36),(193,3,2012,'Net_earnings_from_continuing_operations',0.33),(194,3,2012,'Operating_income__loss_',1.085),(195,3,2012,'Revenues',50.705),(196,3,2012,'Selling_general___administrative_expenses',10.242),(197,3,2012,'Weighted_average_shares_outstanding__basic',0.366),(198,3,2012,'Weighted_average_shares_outstanding__diluted',0.366),(199,3,2011,'Cost_of_goods_sold',37.611),(200,3,2011,'Dividends_per_share',0.58),(201,3,2011,'Earnings__loss__from_continuing_operations_before_income_tax_expense',2.078),(202,3,2011,'net_earnings',1.277),(203,3,2011,'Net_earnings__loss__per_share__basic',3.14),(204,3,2011,'Net_earnings__loss__per_share__diluted',3.08),(205,3,2011,'Operating_income__loss_',2.114),(206,3,2011,'Revenues',50.272),(207,3,2011,'Selling_general___administrative_expenses',10.325),(208,3,2011,'Weighted_average_shares_outstanding__basic',0.406),(209,3,2011,'Weighted_average_shares_outstanding__diluted',0.417),(210,3,2010,'Cost_of_goods_sold',37.534),(211,3,2010,'Dividends_per_share',0.56),(212,3,2010,'Earnings__loss__from_continuing_operations_before_income_tax_expense',2.195),(213,3,2010,'net_earnings',1.317),(214,3,2010,'Net_earnings__loss__per_share__basic',3.16),(215,3,2010,'Net_earnings__loss__per_share__diluted',3.1),(216,3,2010,'Operating_income__loss_',2.235),(217,3,2010,'Revenues',49.694),(218,3,2010,'Selling_general___administrative_expenses',9.873),(219,3,2010,'Weighted_average_shares_outstanding__basic',0.417),(220,3,2010,'Weighted_average_shares_outstanding__diluted',0.428),(221,3,2009,'Cost_of_goods_sold',34.017),(222,3,2009,'Dividends_per_share',0.54),(223,3,2009,'Earnings__loss__from_continuing_operations_before_income_tax_expense',1.7),(224,3,2009,'Impairment_of_intangible_assets',0.066),(225,3,2009,'Income_tax_expense',0.674),(226,3,2009,'net_earnings',1.003),(227,3,2009,'Net_earnings__loss__per_share__basic',2.43),(228,3,2009,'Net_earnings__loss__per_share__diluted',2.39),(229,3,2009,'Operating_income__loss_',1.87),(230,3,2009,'Revenues',45.015),(231,3,2009,'Total_restructuring_expense',0.078),(232,3,2009,'Weighted_average_shares_outstanding__basic',0.413),(233,3,2009,'Weighted_average_shares_outstanding__diluted',0.423),(234,3,2008,'Cost_of_goods_sold',30.477),(235,3,2008,'Dividends_per_share',0.46),(236,3,2008,'Earnings__loss__from_continuing_operations_before_income_tax_expense',2.228),(237,3,2008,'Income_tax_expense',0.815),(238,3,2008,'net_earnings',1.407),(239,3,2008,'Net_earnings__loss__per_share__basic',3.2),(240,3,2008,'Net_earnings__loss__per_share__diluted',3.12),(241,3,2008,'Operating_income__loss_',2.161),(242,3,2008,'Revenues',40.023),(243,3,2008,'Weighted_average_shares_outstanding__basic',0.44),(244,3,2008,'Weighted_average_shares_outstanding__diluted',0.453),(245,3,2007,'Cost_of_goods_sold',27.165),(246,3,2007,'Dividends_per_share',0.36),(247,3,2007,'Earnings__loss__from_continuing_operations_before_income_tax_expense',2.13),(248,3,2007,'Income_tax_expense',0.752),(249,3,2007,'net_earnings',1.377),(250,3,2007,'Net_earnings__loss__per_share__basic',2.86),(251,3,2007,'Net_earnings__loss__per_share__diluted',2.79),(252,3,2007,'Operating_income__loss_',1.999),(253,3,2007,'Revenues',35.934),(254,3,2007,'Weighted_average_shares_outstanding__basic',0.482),(255,3,2007,'Weighted_average_shares_outstanding__diluted',0.496),(256,3,2006,'Cost_of_goods_sold',23.122),(257,3,2006,'Dividends_per_share',0.31),(258,3,2006,'Earnings__loss__from_continuing_operations_before_income_tax_expense',1.721),(259,3,2006,'Earnings__loss__per_share__continuing_operations__basic',2.33),(260,3,2006,'Earnings__loss__per_share__continuing_operations__diluted',2.27),(261,3,2006,'Income_tax_expense',0.581),(262,3,2006,'net_earnings',1.14),(263,3,2006,'Net_earnings__loss__per_share__basic',2.33),(264,3,2006,'Net_earnings__loss__per_share__diluted',2.27),(265,3,2006,'Net_earnings_from_continuing_operations',1.14),(266,3,2006,'Operating_income__loss_',1.644),(267,3,2006,'Revenues',30.848),(268,3,2006,'Weighted_average_shares_outstanding__basic',0.49),(269,3,2006,'Weighted_average_shares_outstanding__diluted',0.505),(270,3,2005,'Revenues',27.4),(271,3,2004,'Dividends_per_share',0.267),(272,3,2004,'Earnings__loss__per_share__continuing_operations__basic',1.647),(273,3,2004,'Earnings__loss__per_share__continuing_operations__diluted',1.627),(274,3,2004,'Earnings__loss__per_share__discontinued_operations__basic',-0.06),(275,3,2004,'Earnings__loss__per_share__discontinued_operations__diluted',-0.06),(276,3,2004,'Gain__loss__from_discontinued_operations_net',-0.029),(277,3,2004,'Gain__loss__on_disposal_of_discontinued_operations',-0.066),(278,3,2004,'net_earnings',0.705),(279,3,2004,'Net_earnings__loss__per_share__basic',1.453),(280,3,2004,'Net_earnings__loss__per_share__diluted',1.433),(281,3,2004,'Net_earnings_from_continuing_operations',0.8),(282,3,2004,'Revenues',24.547),(283,3,2004,'Weighted_average_shares_outstanding__basic',0.485),(284,3,2004,'Weighted_average_shares_outstanding__diluted',0.492),(285,3,2003,'Cumulative_effect_of_change_in_accounting_principle_net',-0.04),(286,3,2003,'Earnings__loss__per_share__accounting_change__basic',-0.167),(287,3,2003,'Earnings__loss__per_share__accounting_change__diluted',-0.167),(288,3,2003,'Earnings__loss__per_share__continuing_operations__basic',1.287),(289,3,2003,'Earnings__loss__per_share__continuing_operations__diluted',1.273),(290,3,2003,'Earnings__loss__per_share__discontinued_operations__basic',-0.913),(291,3,2003,'Earnings__loss__per_share__discontinued_operations__diluted',-0.907),(292,3,2003,'Gain__loss__from_discontinued_operations_net',-0.441),(293,3,2003,'net_earnings',0.099),(294,3,2003,'Net_earnings__loss__per_share__basic',0.207),(295,3,2003,'Net_earnings__loss__per_share__diluted',0.2),(296,3,2003,'Net_earnings_from_continuing_operations',0.622),(297,3,2003,'Revenues',20.946),(298,3,2003,'Weighted_average_shares_outstanding__basic',0.482),(299,3,2003,'Weighted_average_shares_outstanding__diluted',0.487),(300,3,2002,'net_earnings',0.57),(301,3,2002,'Net_earnings__loss__per_share__basic',1.178),(302,3,2002,'Revenues',19.597),(303,3,2001,'net_earnings',0.396),(304,3,2001,'Net_earnings__loss__per_share__basic',0.853),(305,3,2001,'Net_earnings__loss__per_share__diluted',0.827),(306,3,2001,'Weighted_average_shares_outstanding__basic',0.465),(307,3,2000,'net_earnings',0.347),(308,3,2000,'Net_earnings__loss__per_share__basic',0.756),(309,3,2000,'Net_earnings__loss__per_share__diluted',0.724),(310,3,2000,'Revenues',12.494),(311,3,2000,'Weighted_average_shares_outstanding__diluted',0.478),(312,4,2012,'Cost_of_sales__product',17.852),(313,4,2012,'Dividends_per_share',0.28),(314,4,2012,'Income__loss__before_provision_for_income_taxes',10.159),(315,4,2012,'Net_income',8.041),(316,4,2012,'Net_income__loss__per_share__basic',1.5),(317,4,2012,'Net_income__loss__per_share__diluted',1.49),(318,4,2012,'Operating_income__loss_',10.065),(319,4,2012,'Revenues',46.061),(320,4,2012,'Selling_general___administrative_expenses',11.969),(321,4,2012,'Weighted_average_shares_outstanding__basic',5.37),(322,4,2012,'Weighted_average_shares_outstanding__diluted',5.404),(323,4,2011,'Cost_of_sales__product',26.536),(324,4,2011,'Dividends_per_share',0.12),(325,4,2011,'Income__loss__before_provision_for_income_taxes',7.825),(326,4,2011,'Net_income',6.49),(327,4,2011,'Net_income__loss__per_share__basic',1.17),(328,4,2011,'Net_income__loss__per_share__diluted',1.17),(329,4,2011,'Operating_income__loss_',7.674),(330,4,2011,'Revenues',43.218),(331,4,2011,'Selling_general___administrative_expenses',11.72),(332,4,2011,'Weighted_average_shares_outstanding__basic',5.529),(333,4,2011,'Weighted_average_shares_outstanding__diluted',5.563),(334,4,2010,'Cost_of_sales__product',14.397),(335,4,2010,'Income__loss__before_provision_for_income_taxes',9.415),(336,4,2010,'Net_income',7.767),(337,4,2010,'Net_income__loss__per_share__basic',1.36),(338,4,2010,'Net_income__loss__per_share__diluted',1.33),(339,4,2010,'Operating_income__loss_',9.164),(340,4,2010,'Revenues',40.04),(341,4,2010,'Weighted_average_shares_outstanding__basic',5.732),(342,4,2010,'Weighted_average_shares_outstanding__diluted',5.848),(343,4,2008,'Acquired_in_process_research___development',0.003),(344,4,2008,'Cost_of_sales__product',14.056),(345,4,2008,'Income__loss__before_provision_for_income_taxes',10.255),(346,4,2008,'Net_income',8.052),(347,4,2008,'Net_income__loss__per_share__basic',1.35),(348,4,2008,'Net_income__loss__per_share__diluted',1.31),(349,4,2008,'Operating_income__loss_',9.442),(350,4,2008,'Provision_for_income_taxes',2.203),(351,4,2008,'Revenues',39.54),(352,4,2008,'Weighted_average_shares_outstanding__basic',5.986),(353,4,2008,'Weighted_average_shares_outstanding__diluted',6.163),(354,4,2007,'Acquired_in_process_research___development',0.081),(355,4,2007,'Cost_of_goods_sold',12.586),(356,4,2007,'Income__loss__before_provision_for_income_taxes',9.461),(357,4,2007,'Net_income',7.333),(358,4,2007,'Net_income__loss__per_share__basic',1.21),(359,4,2007,'Net_income__loss__per_share__diluted',1.17),(360,4,2007,'Operating_income__loss_',8.621),(361,4,2007,'Provision_for_income_taxes',2.128),(362,4,2007,'Revenues',34.922),(363,4,2007,'Weighted_average_shares_outstanding__basic',6.055),(364,4,2007,'Weighted_average_shares_outstanding__diluted',6.265),(365,4,2006,'Acquired_in_process_research___development',0.091),(366,4,2006,'Cost_of_sales__product',9.737),(367,4,2006,'Income__loss__before_provision_for_income_taxes',7.633),(368,4,2006,'Net_income',5.58),(369,4,2006,'Net_income__loss__per_share__basic',0.91),(370,4,2006,'Net_income__loss__per_share__diluted',0.89),(371,4,2006,'Operating_income__loss_',6.996),(372,4,2006,'Provision_for_income_taxes',2.053),(373,4,2006,'Revenues',28.484),(374,4,2006,'Weighted_average_shares_outstanding__basic',6.158),(375,4,2006,'Weighted_average_shares_outstanding__diluted',6.272),(376,4,2004,'Cumulative_effect_of_change_in_accounting_principle_net',-0.567),(377,4,2004,'Income__loss__before_accounting_change',4.968),(378,4,2004,'Net_income',4.401),(379,4,2004,'Net_income__loss__per_share__basic',0.64),(380,4,2004,'Net_income__loss__per_share__diluted',0.62),(381,4,2004,'Revenues',22.045),(382,4,2004,'Weighted_average_shares_outstanding__basic',0.007),(383,4,2004,'Weighted_average_shares_outstanding__diluted',0.007),(384,4,2003,'Net_income',3.578),(385,4,2003,'Net_income__loss__per_share__basic',0.5),(386,4,2003,'Net_income__loss__per_share__diluted',0.5),(387,4,2003,'Revenues',18.878),(388,4,2003,'Weighted_average_shares_outstanding__basic',7.124),(389,4,2003,'Weighted_average_shares_outstanding__diluted',7.223),(390,4,2001,'Net_income',-1.014),(391,4,2001,'Net_income__loss__per_share__basic',-0.14),(392,4,2001,'Revenues',22.293),(393,5,2011,'Dividends_per_share',0.225),(394,5,2011,'Income__loss__before_income_taxes',8.207),(395,5,2011,'Net_income',4.16),(396,5,2011,'Net_income__loss__per_share__diluted',0.75),(397,5,2011,'Operating_income__loss_',10.721),(398,5,2011,'Revenues',55.842),(399,5,2011,'Weighted_average_shares_outstanding__diluted',5.556),(400,5,2010,'Cost_of_goods_sold',15.25),(401,5,2010,'Dividends_per_share',0.189),(402,5,2010,'Income__loss__before_income_taxes',6.104),(403,5,2010,'Net_income',3.635),(404,5,2010,'Net_income__loss__per_share__diluted',0.645),(405,5,2010,'Operating_income__loss_',7.98),(406,5,2010,'Revenues',37.937),(407,5,2010,'Selling_general___administrative_expenses',8.091),(408,5,2010,'Weighted_average_shares_outstanding__diluted',5.64),(409,5,2009,'Cost_of_goods_sold',14.396),(410,5,2009,'Dividends_per_share',0.15),(411,5,2009,'Income__loss__before_income_taxes',5.106),(412,5,2009,'Income__loss__from_continuing_operations',3.628),(413,5,2009,'Net_income',3.638),(414,5,2009,'Net_income__loss__per_share__diluted',0.63),(415,5,2009,'Operating_income__loss_',7.214),(416,5,2009,'Revenues',35.756),(417,5,2009,'Selling_general___administrative_expenses',7.646),(418,5,2009,'Weighted_average_shares_outstanding__diluted',5.77),(419,5,2008,'Dividends_per_share',0.125),(420,5,2008,'Income__loss__before_income_taxes',4.058),(421,5,2008,'Income__loss__before_minority_interest',2.525),(422,5,2008,'Income_tax_expense',1.533),(423,5,2008,'Net_income',2.547),(424,5,2008,'Net_income__loss__per_share__diluted',0.43),(425,5,2008,'Operating_income__loss_',6.732),(426,5,2008,'Revenues',34.256),(427,5,2008,'Weighted_average_shares_outstanding__diluted',5.904),(428,5,2007,'Income__loss__before_income_taxes',4.349),(429,5,2007,'Income__loss__before_minority_interest',2.549),(430,5,2007,'Income__loss__from_continuing_operations',2.587),(431,5,2007,'Income__loss__per_share_from_continuing_operations__basic',0.42),(432,5,2007,'Income__loss__per_share_from_continuing_operations__diluted',0.415),(433,5,2007,'Income_tax_expense',1.8),(434,5,2007,'Net_income',2.587),(435,5,2007,'Net_income__loss__per_share__basic',0.42),(436,5,2007,'Net_income__loss__per_share__diluted',0.415),(437,5,2007,'Operating_income__loss_',5.578),(438,5,2007,'Revenues',30.895),(439,5,2007,'Weighted_average_shares_outstanding__basic',6.196),(440,5,2007,'Weighted_average_shares_outstanding__diluted',6.258),(441,5,2006,'Income__loss__before_income_taxes',3.594),(442,5,2006,'Income__loss__before_minority_interest',2.247),(443,5,2006,'Income__loss__from_continuing_operations',2.235),(444,5,2006,'Income__loss__per_share_from_continuing_operations__basic',0.353),(445,5,2006,'Income__loss__per_share_from_continuing_operations__diluted',0.35),(446,5,2006,'Income__loss__per_share_from_discontinued_operations__basic',0.017),(447,5,2006,'Income__loss__per_share_from_gain_on_discontinued_operations__basic',0.03),(448,5,2006,'Income_tax_expense',1.347),(449,5,2006,'Net_income',2.533),(450,5,2006,'Net_income__loss__per_share__basic',0.4),(451,5,2006,'Net_income__loss__per_share__diluted',0.397),(452,5,2006,'Operating_income__loss_',4.619),(453,5,2006,'Revenues',24.966),(454,5,2006,'Weighted_average_shares_outstanding__basic',6.321),(455,5,2006,'Weighted_average_shares_outstanding__diluted',6.36),(456,5,2005,'Income__loss__before_income_taxes',1.88),(457,5,2005,'Income__loss__before_minority_interest',0.947),(458,5,2005,'Income_tax_expense',0.933),(459,5,2005,'Net_income',0.928),(460,5,2005,'Net_income__loss__per_share__basic',0.14),(461,5,2005,'Net_income__loss__per_share__diluted',0.14),(462,5,2005,'Operating_income__loss_',3.69),(463,5,2005,'Revenues',22.255),(464,5,2005,'Weighted_average_shares_outstanding__basic',6.591),(465,5,2005,'Weighted_average_shares_outstanding__diluted',6.624),(466,5,2004,'Income__loss__before_income_taxes',1.81),(467,5,2004,'Income__loss__before_minority_interest',0.97),(468,5,2004,'Income__loss__per_share_from_continuing_operations__diluted',0.143),(469,5,2004,'Income_tax_expense',0.826),(470,5,2004,'Net_income',0.97),(471,5,2004,'Net_income__loss__per_share__diluted',0.143),(472,5,2004,'Operating_income__loss_',2.908),(473,5,2004,'Revenues',20.307),(474,5,2004,'Weighted_average_shares_outstanding__diluted',6.75),(475,5,2003,'Income__loss__before_income_taxes',0.137),(476,5,2003,'Income__loss__before_minority_interest',0.218),(477,5,2003,'Income__loss__from_continuing_operations',0.218),(478,5,2003,'Income__loss__per_share_from_continuing_operations__basic',0.033),(479,5,2003,'Income__loss__per_share_from_continuing_operations__diluted',0.033),(480,5,2003,'Income_tax_expense',0.016),(481,5,2003,'Net_income',3.24),(482,5,2003,'Net_income__loss__per_share__basic',0.48),(483,5,2003,'Net_income__loss__per_share__diluted',0.48),(484,5,2003,'Operating_income__loss_',1.954),(485,5,2003,'Revenues',18.348),(486,5,2003,'Weighted_average_shares_outstanding__basic',6.768),(487,5,2003,'Weighted_average_shares_outstanding__diluted',6.768);
/*!40000 ALTER TABLE `finance` ENABLE KEYS */;
UNLOCK TABLES;

--
-- Table structure for table `shareholders`
--

DROP TABLE IF EXISTS `shareholders`;
/*!40101 SET @saved_cs_client     = @@character_set_client */;
/*!50503 SET character_set_client = utf8mb4 */;
CREATE TABLE `shareholders` (
  `id` int NOT NULL AUTO_INCREMENT,
  `num_of_shareholders` varchar(45) DEFAULT NULL,
  `num_of_a_shareholders` varchar(45) DEFAULT NULL,
  `num_of_b_shareholders` varchar(45) DEFAULT NULL,
  `num_of_c_shareholders` varchar(45) DEFAULT NULL,
  `date` date DEFAULT NULL,
  PRIMARY KEY (`id`),
  CONSTRAINT `shareholder_fk` FOREIGN KEY (`id`) REFERENCES `company_info` (`id`)
) ENGINE=InnoDB AUTO_INCREMENT=6 DEFAULT CHARSET=utf8mb4 COLLATE=utf8mb4_0900_ai_ci;
/*!40101 SET character_set_client = @saved_cs_client */;

--
-- Dumping data for table `shareholders`
--

LOCK TABLES `shareholders` WRITE;
/*!40000 ALTER TABLE `shareholders` DISABLE KEYS */;
INSERT INTO `shareholders` VALUES (1,'NA','4337','64','1941','2020-12-31'),(2,'22797','NA','NA','NA','2020-10-16'),(3,'2167','NA','NA','NA','2020-03-18'),(4,'37920','NA','NA','NA','2020-08-28'),(5,'NA','388600','3','NA','2019-12-31');
/*!40000 ALTER TABLE `shareholders` ENABLE KEYS */;
UNLOCK TABLES;

--
-- Table structure for table `stock_info`
--

DROP TABLE IF EXISTS `stock_info`;
/*!40101 SET @saved_cs_client     = @@character_set_client */;
/*!50503 SET character_set_client = utf8mb4 */;
CREATE TABLE `stock_info` (
  `id` int NOT NULL AUTO_INCREMENT,
  `exchange` varchar(45) DEFAULT NULL,
  `ticker` varchar(45) DEFAULT NULL,
  `annual_meeting` varchar(45) DEFAULT NULL,
  `sic` varchar(45) DEFAULT NULL,
  `closing_stock_price` decimal(10,0) DEFAULT NULL,
  `closing_stock_date` datetime DEFAULT NULL,
  PRIMARY KEY (`id`),
  CONSTRAINT `stock_fk` FOREIGN KEY (`id`) REFERENCES `company_info` (`id`)
) ENGINE=InnoDB AUTO_INCREMENT=6 DEFAULT CHARSET=utf8mb4 COLLATE=utf8mb4_0900_ai_ci;
/*!40101 SET character_set_client = @saved_cs_client */;

--
-- Dumping data for table `stock_info`
--

LOCK TABLES `stock_info` WRITE;
/*!40000 ALTER TABLE `stock_info` DISABLE KEYS */;
INSERT INTO `stock_info` VALUES (1,'NMS','GOOG','NA','7372 : Prepackaged software',2059,'2021-02-03 00:00:00'),(2,'NMS','AAPL','February','7415 : Prepackaged software',134,'2021-02-03 00:00:00'),(3,'NYS','BBY','June','7578 : Prepackaged software',110,'2021-02-03 00:00:00'),(4,'NMS','CSCO','December','7684 : Prepackaged software',46,'2021-02-03 00:00:00'),(5,'NMS','CMCS A','June','7760 : Prepackaged software',50,'2021-02-03 00:00:00');
/*!40000 ALTER TABLE `stock_info` ENABLE KEYS */;
UNLOCK TABLES;
/*!40103 SET TIME_ZONE=@OLD_TIME_ZONE */;

/*!40101 SET SQL_MODE=@OLD_SQL_MODE */;
/*!40014 SET FOREIGN_KEY_CHECKS=@OLD_FOREIGN_KEY_CHECKS */;
/*!40014 SET UNIQUE_CHECKS=@OLD_UNIQUE_CHECKS */;
/*!40101 SET CHARACTER_SET_CLIENT=@OLD_CHARACTER_SET_CLIENT */;
/*!40101 SET CHARACTER_SET_RESULTS=@OLD_CHARACTER_SET_RESULTS */;
/*!40101 SET COLLATION_CONNECTION=@OLD_COLLATION_CONNECTION */;
/*!40111 SET SQL_NOTES=@OLD_SQL_NOTES */;

-- Dump completed on 2021-03-14 14:19:32
